"filename", "language", "JSON", "JSON with Comments", "TypeScript", "Prisma", "JavaScript", "Markdown", "MS SQL", "comment", "blank", "total"
"c:\Users\niko.kavas\Documents\Skillup\AUCTIONBAY\auctionbay-backend\.prettierrc", "JSON", 4, 0, 0, 0, 0, 0, 0, 0, 0, 4
"c:\Users\niko.kavas\Documents\Skillup\AUCTIONBAY\auctionbay-backend\README.md", "Markdown", 0, 0, 0, 0, 0, 68, 0, 2, 29, 99
"c:\Users\niko.kavas\Documents\Skillup\AUCTIONBAY\auctionbay-backend\eslint.config.mjs", "JavaScript", 0, 0, 0, 0, 33, 0, 0, 1, 1, 35
"c:\Users\niko.kavas\Documents\Skillup\AUCTIONBAY\auctionbay-backend\generated\prisma\client.d.ts", "TypeScript", 0, 0, 1, 0, 0, 0, 0, 0, 0, 1
"c:\Users\niko.kavas\Documents\Skillup\AUCTIONBAY\auctionbay-backend\generated\prisma\client.js", "JavaScript", 0, 0, 0, 0, 1, 0, 0, 0, 0, 1
"c:\Users\niko.kavas\Documents\Skillup\AUCTIONBAY\auctionbay-backend\generated\prisma\default.d.ts", "TypeScript", 0, 0, 1, 0, 0, 0, 0, 0, 0, 1
"c:\Users\niko.kavas\Documents\Skillup\AUCTIONBAY\auctionbay-backend\generated\prisma\default.js", "JavaScript", 0, 0, 0, 0, 1, 0, 0, 0, 0, 1
"c:\Users\niko.kavas\Documents\Skillup\AUCTIONBAY\auctionbay-backend\generated\prisma\edge.d.ts", "TypeScript", 0, 0, 1, 0, 0, 0, 0, 0, 0, 1
"c:\Users\niko.kavas\Documents\Skillup\AUCTIONBAY\auctionbay-backend\generated\prisma\edge.js", "JavaScript", 0, 0, 0, 0, 163, 0, 0, 19, 30, 212
"c:\Users\niko.kavas\Documents\Skillup\AUCTIONBAY\auctionbay-backend\generated\prisma\index-browser.js", "JavaScript", 0, 0, 0, 0, 151, 0, 0, 19, 29, 199
"c:\Users\niko.kavas\Documents\Skillup\AUCTIONBAY\auctionbay-backend\generated\prisma\index.d.ts", "TypeScript", 0, 0, 3228, 0, 0, 0, 0, 2332, 564, 6124
"c:\Users\niko.kavas\Documents\Skillup\AUCTIONBAY\auctionbay-backend\generated\prisma\index.js", "JavaScript", 0, 0, 0, 0, 177, 0, 0, 21, 35, 233
"c:\Users\niko.kavas\Documents\Skillup\AUCTIONBAY\auctionbay-backend\generated\prisma\package.json", "JSON", 140, 0, 0, 0, 0, 0, 0, 0, 0, 140
"c:\Users\niko.kavas\Documents\Skillup\AUCTIONBAY\auctionbay-backend\generated\prisma\runtime\edge-esm.js", "JavaScript", 0, 0, 0, 0, 26, 0, 0, 0, 6, 32
"c:\Users\niko.kavas\Documents\Skillup\AUCTIONBAY\auctionbay-backend\generated\prisma\runtime\edge.js", "JavaScript", 0, 0, 0, 0, 26, 0, 0, 0, 6, 32
"c:\Users\niko.kavas\Documents\Skillup\AUCTIONBAY\auctionbay-backend\generated\prisma\runtime\index-browser.d.ts", "TypeScript", 0, 0, 264, 0, 0, 0, 0, 20, 87, 371
"c:\Users\niko.kavas\Documents\Skillup\AUCTIONBAY\auctionbay-backend\generated\prisma\runtime\index-browser.js", "JavaScript", 0, 0, 0, 0, 1, 0, 0, 12, 1, 14
"c:\Users\niko.kavas\Documents\Skillup\AUCTIONBAY\auctionbay-backend\generated\prisma\runtime\library.d.ts", "TypeScript", 0, 0, 2300, 0, 0, 0, 0, 846, 459, 3605
"c:\Users\niko.kavas\Documents\Skillup\AUCTIONBAY\auctionbay-backend\generated\prisma\runtime\library.js", "JavaScript", 0, 0, 0, 0, 116, 0, 0, 0, 28, 144
"c:\Users\niko.kavas\Documents\Skillup\AUCTIONBAY\auctionbay-backend\generated\prisma\runtime\react-native.js", "JavaScript", 0, 0, 0, 0, 67, 0, 0, 0, 14, 81
"c:\Users\niko.kavas\Documents\Skillup\AUCTIONBAY\auctionbay-backend\generated\prisma\runtime\wasm.js", "JavaScript", 0, 0, 0, 0, 27, 0, 0, 0, 6, 33
"c:\Users\niko.kavas\Documents\Skillup\AUCTIONBAY\auctionbay-backend\generated\prisma\schema.prisma", "Prisma", 0, 0, 0, 38, 0, 0, 0, 4, 7, 49
"c:\Users\niko.kavas\Documents\Skillup\AUCTIONBAY\auctionbay-backend\generated\prisma\wasm.d.ts", "TypeScript", 0, 0, 1, 0, 0, 0, 0, 0, 0, 1
"c:\Users\niko.kavas\Documents\Skillup\AUCTIONBAY\auctionbay-backend\generated\prisma\wasm.js", "JavaScript", 0, 0, 0, 0, 151, 0, 0, 19, 29, 199
"c:\Users\niko.kavas\Documents\Skillup\AUCTIONBAY\auctionbay-backend\nest-cli.json", "JSON", 8, 0, 0, 0, 0, 0, 0, 0, 1, 9
"c:\Users\niko.kavas\Documents\Skillup\AUCTIONBAY\auctionbay-backend\package-lock.json", "JSON", 13759, 0, 0, 0, 0, 0, 0, 0, 1, 13760
"c:\Users\niko.kavas\Documents\Skillup\AUCTIONBAY\auctionbay-backend\package.json", "JSON", 94, 0, 0, 0, 0, 0, 0, 0, 1, 95
"c:\Users\niko.kavas\Documents\Skillup\AUCTIONBAY\auctionbay-backend\prisma\migrations\20250506145032_init\migration.sql", "MS SQL", 0, 0, 0, 0, 0, 0, 59, 16, 22, 97
"c:\Users\niko.kavas\Documents\Skillup\AUCTIONBAY\auctionbay-backend\prisma\schema.prisma", "Prisma", 0, 0, 0, 56, 0, 0, 0, 0, 7, 63
"c:\Users\niko.kavas\Documents\Skillup\AUCTIONBAY\auctionbay-backend\src\config\schema.config.ts", "TypeScript", 0, 0, 10, 0, 0, 0, 0, 0, 2, 12
"c:\Users\niko.kavas\Documents\Skillup\AUCTIONBAY\auctionbay-backend\src\decorators\match.decorator.ts", "TypeScript", 0, 0, 30, 0, 0, 0, 0, 0, 4, 34
"c:\Users\niko.kavas\Documents\Skillup\AUCTIONBAY\auctionbay-backend\src\decorators\public.decorator.ts", "TypeScript", 0, 0, 2, 0, 0, 0, 0, 0, 2, 4
"c:\Users\niko.kavas\Documents\Skillup\AUCTIONBAY\auctionbay-backend\src\helpers\imageStorage.ts", "TypeScript", 0, 0, 40, 0, 0, 0, 0, 2, 8, 50
"c:\Users\niko.kavas\Documents\Skillup\AUCTIONBAY\auctionbay-backend\src\helpers\postgresErrorCode.enum.ts", "TypeScript", 0, 0, 3, 0, 0, 0, 0, 0, 1, 4
"c:\Users\niko.kavas\Documents\Skillup\AUCTIONBAY\auctionbay-backend\src\interfaces\auth.interface.ts", "TypeScript", 0, 0, 13, 0, 0, 0, 0, 0, 4, 17
"c:\Users\niko.kavas\Documents\Skillup\AUCTIONBAY\auctionbay-backend\src\interfaces\paginated-result.interface.ts", "TypeScript", 0, 0, 8, 0, 0, 0, 0, 0, 1, 9
"c:\Users\niko.kavas\Documents\Skillup\AUCTIONBAY\auctionbay-backend\src\library\Logging.ts", "TypeScript", 0, 0, 19, 0, 0, 0, 0, 0, 4, 23
"c:\Users\niko.kavas\Documents\Skillup\AUCTIONBAY\auctionbay-backend\src\main.ts", "TypeScript", 0, 0, 25, 0, 0, 0, 0, 0, 7, 32
"c:\Users\niko.kavas\Documents\Skillup\AUCTIONBAY\auctionbay-backend\src\middleware\logger.middleware.ts", "TypeScript", 0, 0, 16, 0, 0, 0, 0, 1, 3, 20
"c:\Users\niko.kavas\Documents\Skillup\AUCTIONBAY\auctionbay-backend\src\modules\app.controller.spec.ts", "TypeScript", 0, 0, 18, 0, 0, 0, 0, 0, 5, 23
"c:\Users\niko.kavas\Documents\Skillup\AUCTIONBAY\auctionbay-backend\src\modules\app.controller.ts", "TypeScript", 0, 0, 10, 0, 0, 0, 0, 0, 3, 13
"c:\Users\niko.kavas\Documents\Skillup\AUCTIONBAY\auctionbay-backend\src\modules\app.module.ts", "TypeScript", 0, 0, 40, 0, 0, 0, 0, 0, 3, 43
"c:\Users\niko.kavas\Documents\Skillup\AUCTIONBAY\auctionbay-backend\src\modules\app.service.ts", "TypeScript", 0, 0, 7, 0, 0, 0, 0, 0, 2, 9
"c:\Users\niko.kavas\Documents\Skillup\AUCTIONBAY\auctionbay-backend\src\modules\auctions\auctions.controller.ts", "TypeScript", 0, 0, 83, 0, 0, 0, 0, 5, 13, 101
"c:\Users\niko.kavas\Documents\Skillup\AUCTIONBAY\auctionbay-backend\src\modules\auctions\auctions.module.ts", "TypeScript", 0, 0, 11, 0, 0, 0, 0, 0, 2, 13
"c:\Users\niko.kavas\Documents\Skillup\AUCTIONBAY\auctionbay-backend\src\modules\auctions\auctions.service.ts", "TypeScript", 0, 0, 113, 0, 0, 0, 0, 5, 11, 129
"c:\Users\niko.kavas\Documents\Skillup\AUCTIONBAY\auctionbay-backend\src\modules\auctions\dto\bid.dto.ts", "TypeScript", 0, 0, 7, 0, 0, 0, 0, 0, 2, 9
"c:\Users\niko.kavas\Documents\Skillup\AUCTIONBAY\auctionbay-backend\src\modules\auctions\dto\create-auction.dto.ts", "TypeScript", 0, 0, 16, 0, 0, 0, 0, 0, 5, 21
"c:\Users\niko.kavas\Documents\Skillup\AUCTIONBAY\auctionbay-backend\src\modules\auctions\dto\update-auction.dto.ts", "TypeScript", 0, 0, 3, 0, 0, 0, 0, 0, 1, 4
"c:\Users\niko.kavas\Documents\Skillup\AUCTIONBAY\auctionbay-backend\src\modules\auth\auth.controller.ts", "TypeScript", 0, 0, 68, 0, 0, 0, 0, 0, 8, 76
"c:\Users\niko.kavas\Documents\Skillup\AUCTIONBAY\auctionbay-backend\src\modules\auth\auth.module.ts", "TypeScript", 0, 0, 37, 0, 0, 0, 0, 0, 3, 40
"c:\Users\niko.kavas\Documents\Skillup\AUCTIONBAY\auctionbay-backend\src\modules\auth\auth.service.ts", "TypeScript", 0, 0, 59, 0, 0, 0, 0, 0, 12, 71
"c:\Users\niko.kavas\Documents\Skillup\AUCTIONBAY\auctionbay-backend\src\modules\auth\dto\login-user.dto.ts", "TypeScript", 0, 0, 8, 0, 0, 0, 0, 0, 3, 11
"c:\Users\niko.kavas\Documents\Skillup\AUCTIONBAY\auctionbay-backend\src\modules\auth\dto\register-user.dto.ts", "TypeScript", 0, 0, 20, 0, 0, 0, 0, 0, 6, 26
"c:\Users\niko.kavas\Documents\Skillup\AUCTIONBAY\auctionbay-backend\src\modules\auth\dto\update-password.dto.ts", "TypeScript", 0, 0, 13, 0, 0, 0, 0, 0, 3, 16
"c:\Users\niko.kavas\Documents\Skillup\AUCTIONBAY\auctionbay-backend\src\modules\auth\guards\jwt.guard.ts", "TypeScript", 0, 0, 27, 0, 0, 0, 0, 2, 4, 33
"c:\Users\niko.kavas\Documents\Skillup\AUCTIONBAY\auctionbay-backend\src\modules\auth\guards\local-auth.guard.ts", "TypeScript", 0, 0, 4, 0, 0, 0, 0, 0, 2, 6
"c:\Users\niko.kavas\Documents\Skillup\AUCTIONBAY\auctionbay-backend\src\modules\auth\strategies\jwt.strategy.ts", "TypeScript", 0, 0, 24, 0, 0, 0, 0, 0, 3, 27
"c:\Users\niko.kavas\Documents\Skillup\AUCTIONBAY\auctionbay-backend\src\modules\auth\strategies\local.strategy.ts", "TypeScript", 0, 0, 16, 0, 0, 0, 0, 0, 4, 20
"c:\Users\niko.kavas\Documents\Skillup\AUCTIONBAY\auctionbay-backend\src\modules\database\prisma.module.ts", "TypeScript", 0, 0, 8, 0, 0, 0, 0, 0, 2, 10
"c:\Users\niko.kavas\Documents\Skillup\AUCTIONBAY\auctionbay-backend\src\modules\database\prisma.service.ts", "TypeScript", 0, 0, 8, 0, 0, 0, 0, 1, 3, 12
"c:\Users\niko.kavas\Documents\Skillup\AUCTIONBAY\auctionbay-backend\src\modules\permissions\dto\create-permission.dto.ts", "TypeScript", 0, 0, 5, 0, 0, 0, 0, 0, 2, 7
"c:\Users\niko.kavas\Documents\Skillup\AUCTIONBAY\auctionbay-backend\src\modules\permissions\guards\permission.guard.ts", "TypeScript", 0, 0, 60, 0, 0, 0, 0, 9, 10, 79
"c:\Users\niko.kavas\Documents\Skillup\AUCTIONBAY\auctionbay-backend\src\modules\permissions\permissions.controller.ts", "TypeScript", 0, 0, 18, 0, 0, 0, 0, 0, 5, 23
"c:\Users\niko.kavas\Documents\Skillup\AUCTIONBAY\auctionbay-backend\src\modules\permissions\permissions.module.ts", "TypeScript", 0, 0, 10, 0, 0, 0, 0, 0, 2, 12
"c:\Users\niko.kavas\Documents\Skillup\AUCTIONBAY\auctionbay-backend\src\modules\permissions\permissions.service.ts", "TypeScript", 0, 0, 54, 0, 0, 0, 0, 2, 10, 66
"c:\Users\niko.kavas\Documents\Skillup\AUCTIONBAY\auctionbay-backend\src\modules\roles\dto\create-update-role.dto.ts", "TypeScript", 0, 0, 7, 0, 0, 0, 0, 0, 3, 10
"c:\Users\niko.kavas\Documents\Skillup\AUCTIONBAY\auctionbay-backend\src\modules\roles\roles.controller.ts", "TypeScript", 0, 0, 53, 0, 0, 0, 0, 1, 8, 62
"c:\Users\niko.kavas\Documents\Skillup\AUCTIONBAY\auctionbay-backend\src\modules\roles\roles.module.ts", "TypeScript", 0, 0, 11, 0, 0, 0, 0, 0, 3, 14
"c:\Users\niko.kavas\Documents\Skillup\AUCTIONBAY\auctionbay-backend\src\modules\roles\roles.service.ts", "TypeScript", 0, 0, 85, 0, 0, 0, 0, 6, 8, 99
"c:\Users\niko.kavas\Documents\Skillup\AUCTIONBAY\auctionbay-backend\src\modules\users\dto\create-user.dto.ts", "TypeScript", 0, 0, 29, 0, 0, 0, 0, 0, 7, 36
"c:\Users\niko.kavas\Documents\Skillup\AUCTIONBAY\auctionbay-backend\src\modules\users\dto\update-user.dto.ts", "TypeScript", 0, 0, 26, 0, 0, 0, 0, 0, 8, 34
"c:\Users\niko.kavas\Documents\Skillup\AUCTIONBAY\auctionbay-backend\src\modules\users\users.controller.ts", "TypeScript", 0, 0, 71, 0, 0, 0, 0, 0, 10, 81
"c:\Users\niko.kavas\Documents\Skillup\AUCTIONBAY\auctionbay-backend\src\modules\users\users.module.ts", "TypeScript", 0, 0, 11, 0, 0, 0, 0, 0, 2, 13
"c:\Users\niko.kavas\Documents\Skillup\AUCTIONBAY\auctionbay-backend\src\modules\users\users.service.ts", "TypeScript", 0, 0, 151, 0, 0, 0, 0, 8, 16, 175
"c:\Users\niko.kavas\Documents\Skillup\AUCTIONBAY\auctionbay-backend\src\utils\bycrpt.ts", "TypeScript", 0, 0, 20, 0, 0, 0, 0, 0, 3, 23
"c:\Users\niko.kavas\Documents\Skillup\AUCTIONBAY\auctionbay-backend\test\app.e2e-spec.ts", "TypeScript", 0, 0, 21, 0, 0, 0, 0, 0, 5, 26
"c:\Users\niko.kavas\Documents\Skillup\AUCTIONBAY\auctionbay-backend\test\jest-e2e.json", "JSON", 9, 0, 0, 0, 0, 0, 0, 0, 1, 10
"c:\Users\niko.kavas\Documents\Skillup\AUCTIONBAY\auctionbay-backend\tsconfig.build.json", "JSON", 4, 0, 0, 0, 0, 0, 0, 0, 1, 5
"c:\Users\niko.kavas\Documents\Skillup\AUCTIONBAY\auctionbay-backend\tsconfig.json", "JSON with Comments", 0, 21, 0, 0, 0, 0, 0, 0, 1, 22
"Total", "-", 14018, 21, 7194, 94, 940, 68, 59, 3353, 1604, 27351